ID,Movies of Kevin MdKidd,Martin Freeman and Nick Frost,World War
tt0120667.xml,0,0,0
tt0397313.xml,0,0,0
tt0416212.xml,0,0,0
tt0416320.xml,0,0,0
tt0425112.xml,0,1,0
tt0433383.xml,0,0,0
tt0439815.xml,0,0,0
tt0443489.xml,0,0,0
tt0453451.xml,0,0,0
tt0453562.xml,0,0,0
tt0461770.xml,1,0,0
tt0463985.xml,0,0,0
tt0479997.xml,0,0,0
tt0498380.xml,0,0,1
tt0749700.xml,0,1,0
tt0782343.xml,0,0,0
tt0795361.xml,0,0,0
tt0800069.xml,0,1,0
tt0800320.xml,0,0,0
tt0805280.xml,0,0,0
tt0831952.xml,0,0,0
tt0857265.xml,0,0,0
tt0873886.xml,1,0,0
tt0884177.xml,0,0,0
tt0954990.xml,0,0,0
tt0978759.xml,0,0,0
tt1029161.xml,0,0,0
tt1029360.xml,0,0,0
tt1040713.xml,0,0,0
tt1042049.xml,0,0,0
tt1111833.xml,0,0,0
tt1124377.xml,0,0,0
tt1217613.xml,0,0,0
tt1259521.xml,0,0,0
tt1274161.xml,0,0,0
tt1305806.xml,0,0,0
tt1337416.xml,0,0,0
tt1349482.xml,0,0,0
tt1403241.xml,0,0,0
tt1411697.xml,0,0,0
tt1414382.xml,0,0,0
tt1456635.xml,0,0,0
tt1508351.xml,1,0,0
tt1564367.xml,0,0,0
tt1606378.xml,0,0,0
tt1615664.xml,0,0,0
tt1619514.xml,0,0,0
tt1628912.xml,1,0,0
tt1631867.xml,0,0,0
tt1632479.xml,0,0,0
tt1640874.xml,0,0,0
tt1659337.xml,0,0,0
tt1665071.xml,0,1,0
tt1682616.xml,0,0,0
tt1702778.xml,0,0,0
tt1705537.xml,0,0,0
tt1707380.xml,0,0,0
tt1722794.xml,0,0,0
tt1723840.xml,0,0,0
tt1736636.xml,0,0,0
tt1740707.xml,0,0,0
tt1743845.xml,0,0,0
tt1791528.xml,0,0,0
tt1816195.xml,1,0,0
tt1850397.xml,0,0,0
tt1866249.xml,0,0,0
tt1876283.xml,0,0,0
tt1877832.xml,0,0,0
tt1931533.xml,0,1,0
tt1942614.xml,0,1,0
tt2006679.xml,0,0,0
tt2039333.xml,1,0,0
tt2049171.xml,0,0,0
tt2072230.xml,0,0,0
tt2127579.xml,0,0,0
tt2179116.xml,0,1,0
tt2267998.xml,0,0,0
tt2316801.xml,0,0,0
tt2322441.xml,0,0,0
tt2352340.xml,0,0,0
tt2363015.xml,0,0,0
tt2373047.xml,0,0,0
tt2401150.xml,0,1,0
tt2443156.xml,0,0,0
tt2567774.xml,0,0,0
tt2669336.xml,0,0,0
tt2812610.xml,1,0,0
tt2818252.xml,0,0,0
tt2893490.xml,0,0,0
tt2918436.xml,0,0,0
tt2935564.xml,0,0,0
tt2948840.xml,0,0,0
tt3181920.xml,1,0,0
tt3332064.xml,0,0,0
tt3458882.xml,0,0,0
tt3569230.xml,0,0,0
tt4035268.xml,0,0,0
tt4064296.xml,0,1,0
tt4085026.xml,0,1,0
tt4273804.xml,0,1,0
tt4362492.xml,0,0,0
